image,drink_category,subcategory,mean_valence,sd_valence,mean_craving,sd_craving,database
001_beer.jpg,beer,branding,39.48076923,20.80864299,30.5,23.58755072,flikr
002_beer.jpg,beer,branding,54.77586207,23.55884242,49.15517241,26.24366371,pixabay
003_beer.jpg,beer,branding,62.51923077,22.57405276,54.32692308,25.09098827,unsplash
004_beer.jpg,beer,branding,80.4137931,15.90987168,66.98275862,26.63429486,unsplash
005_beer.jpg,beer,branding,59.5,24.52329825,41.75,27.58294088,pexels
006_beer.jpg,beer,branding,73.51724138,19.42889996,55.93103448,28.18103261,pexels
007_beer.jpg,beer,branding,61.32692308,23.97361389,38.28846154,26.85862518,pixabay
008_beer.jpg,beer,branding,48.10344828,25.39145433,37.86206897,31.88765822,pixabay
009_beer.jpg,beer,branding,50.86538462,23.58549641,46.05769231,26.75554805,flikr
010_beer.jpg,beer,branding,50.77586207,26.8243429,40.89655172,32.02832609,pixabay
011_beer.jpg,beer,branding,48.96153846,23.1947945,41.90384615,25.31236977,flikr
012_beer.jpg,beer,branding,48.9137931,23.62149221,41.13793103,28.87933048,flikr
013_beer.jpg,beer,branding,57.61538462,23.53983178,52.59615385,25.49222074,flikr
014_beer.jpg,beer,branding,57.51724138,24.07462184,46.68965517,28.60450639,pixabay
015_beer.jpg,beer,branding,49,27.48047435,39.75,28.47005651,pixabay
016_beer.jpg,beer,branding,66.31034483,20.52145381,56.53448276,26.14414531,pixabay
017_beer.jpg,beer,branding,45.17307692,23.99405249,41.23076923,27.03564487,pixabay
018_beer.jpg,beer,branding,42.9137931,25.35314402,36.46551724,30.24126118,pixabay
019_beer.jpg,beer,branding,55.59615385,19.36973545,50.48076923,27.90564662,pexels
020_beer.jpg,beer,branding,68.74137931,20.0740387,56.51724138,25.93936342,pexels
021_beer.jpg,beer,closeup,49.94230769,22.47387456,35.98076923,27.60398549,pixabay
022_beer.jpg,beer,closeup,62.68965517,21.58801397,53.44827586,26.96597753,pixabay
023_beer.jpg,beer,closeup,57.32692308,20.18805816,49.01923077,24.58318442,unsplash
024_beer.jpg,beer,closeup,45.22413793,24.25669964,42.65517241,29.56025765,pexels
025_beer.jpg,beer,closeup,38.84615385,21.97180423,37.42307692,28.19980959,pexels
026_beer.jpg,beer,closeup,52.77586207,20.8949277,44.51724138,26.80026275,pexels
027_beer.jpg,beer,closeup,56.71153846,22.27135374,48.96153846,25.40724116,pexels
028_beer.jpg,beer,closeup,50.74137931,22.29433123,39.65517241,27.63201279,pexels
029_beer.jpg,beer,closeup,49.36538462,25.50588463,40.75,26.51146626,pexels
030_beer.jpg,beer,closeup,53.81034483,25.06864743,48.43103448,29.03543635,pexels
031_beer.jpg,beer,closeup,51.34615385,22.40700575,39.73076923,25.04358192,pexels
032_beer.jpg,beer,closeup,62.75862069,22.99527819,56.27586207,29.13838314,unsplash
033_beer.jpg,beer,closeup,57.69230769,19.62345382,54.36538462,25.17548516,unsplash
034_beer.jpg,beer,closeup,52.5862069,21.82790302,43.01724138,26.04550093,unsplash
035_beer.jpg,beer,closeup,61.25,20.05274907,53.76923077,27.09070847,pexels
036_beer.jpg,beer,food_setting,67.5,17.89457142,58.67307692,24.70510081,pixabay
037_beer.jpg,beer,food_setting,61.29310345,24.09047903,51.68965517,29.55589821,pexels
038_beer.jpg,beer,food_setting,63.86538462,20.47286951,45.73076923,26.91898913,pexels
039_beer.jpg,beer,food_setting,64.39655172,28.84558992,56,29.14091595,pexels
040_beer.jpg,beer,food_setting,67.53846154,24.12911474,39.32692308,29.93962628,unsplash
041_beer.jpg,beer,food_setting,69.43103448,22.73347641,54,26.97497216,pixabay
042_beer.jpg,beer,food_setting,58.71153846,18.3552488,42.01923077,26.05461111,pixabay
043_beer.jpg,beer,food_setting,62.79310345,22.04362391,49.34482759,28.03353363,unsplash
044_beer.jpg,beer,food_setting,65.05769231,22.04666482,52.03846154,23.72221722,unsplash
045_beer.jpg,beer,food_setting,53.75862069,25.27276486,43.17241379,26.6241797,pexels
046_beer.jpg,beer,food_setting,51.74137931,26.68106651,34.86206897,28.89329934,pexels
047_beer.jpg,beer,food_setting,67.65384615,17.99660601,49.30769231,25.8339634,pexels
048_beer.jpg,beer,food_setting,69.4137931,20.50163407,58.84482759,26.6654397,unsplash
049_beer.jpg,beer,food_setting,65.21153846,23.40130425,43.63461538,26.4738338,unsplash
050_beer.jpg,beer,food_setting,63.70689655,22.83426835,56.15517241,25.14296087,unsplash
051_beer.jpg,beer,food_setting,58.96153846,23.31284384,51.21153846,28.41177368,pixabay
052_beer.jpg,beer,food_setting,62.05769231,22.0092792,51.26923077,25.93514943,unsplash
053_beer.jpg,beer,food_setting,54.06896552,28.42710719,45.31034483,27.61273981,unsplash
054_beer.jpg,beer,food_setting,59.78846154,21.85633712,40.67307692,27.36730635,pexels
055_beer.jpg,beer,food_setting,61.15517241,19.68150055,47.67241379,25.65793057,pexels
056_beer.jpg,beer,holiday_food,79,16.73320053,62.94827586,26.35148547,unsplash
057_beer.jpg,beer,holiday_food,61.88461538,23.80035743,50.76923077,29.41829189,pexels
058_beer.jpg,beer,holiday_food,75.51724138,21.28770453,58.20689655,27.44484652,pixabay
059_beer.jpg,beer,holiday_setting,70.09615385,17.70483441,53.15384615,25.67930777,pixabay
060_beer.jpg,beer,holiday_setting,66.18965517,24.00764271,52.94827586,26.74927277,unsplash
061_beer.jpg,beer,holiday_setting,66.15384615,23.27953289,50.61538462,25.08429229,pexels
062_beer.jpg,beer,holiday_setting,74.48275862,23.16094821,65.10344828,25.61296934,pixabay
063_beer.jpg,beer,holiday_setting,60.09615385,28.15939199,45.42307692,28.33853204,pexels
064_beer.jpg,beer,holiday_setting,78.74137931,16.63916364,61.36206897,27.42306513,pexels
065_beer.jpg,beer,holiday_setting,63.5,19.90516733,49.63461538,25.00590428,pexels
066_beer.jpg,beer,holiday_setting,77.5,18.74599372,55.77586207,28.53686019,pexels
067_beer.jpg,beer,holiday_setting,67.96153846,21.58699821,52.30769231,27.25661529,pixabay
068_beer.jpg,beer,holiday_setting,73.51724138,22.39301378,60.29310345,26.35453862,pixabay
069_beer.jpg,beer,holiday_setting,75.82692308,20.11703127,55.46153846,24.44879526,unsplash
070_beer.jpg,beer,holiday_setting,69.37931034,18.46174574,56.44827586,26.77926169,unsplash
071_beer.jpg,beer,holiday_setting,69.67307692,25.2071583,57.53846154,25.70150033,pixabay
072_beer.jpg,beer,holiday_setting,67.18965517,21.66771136,54.70689655,26.62079956,pixabay
073_beer.jpg,beer,holiday_setting,67.03846154,26.46859889,44.17307692,28.24453524,unsplash
074_beer.jpg,beer,holiday_setting,75.22413793,18.05356854,62.32758621,25.51324935,pexels
075_beer.jpg,beer,holiday_setting,70.48076923,22.04228591,51.36538462,23.91408548,unsplash
076_beer.jpg,beer,holiday_setting,78.31034483,20.77549746,61.81034483,26.27416642,pexels
077_beer.jpg,beer,holiday_setting,67.44230769,22.24323071,44.53846154,26.11697783,pexels
078_beer.jpg,beer,holiday_setting,74.4137931,19.09260395,62.24137931,24.56378046,pexels
079_beer.jpg,beer,opening_drink,47.75862069,20.95467987,40.46551724,27.7875496,pexels
080_beer.jpg,beer,opening_drink,59.90384615,21.03802311,51.65384615,24.40177156,pexels
081_beer.jpg,beer,opening_drink,53.34482759,20.48238586,43.67241379,25.3331403,stocksnap
082_beer.jpg,beer,opening_drink,24.48076923,26.41188858,17.38461538,25.55666817,stocksnap
083_beer.jpg,beer,opening_drink,59.70689655,21.72799037,50.55172414,25.20802741,unsplash
084_beer.jpg,beer,opening_drink,64,18.30354086,54.42307692,21.73489663,pexels
085_beer.jpg,beer,opening_drink,58.01724138,18.74809125,48.65517241,24.08213411,pexels
086_beer.jpg,beer,opening_drink,37.17307692,26.56750275,35.59615385,28.4103403,pexels
087_beer.jpg,beer,opening_drink,46.01724138,21.13904791,41.77586207,26.8119135,pexels
088_beer.jpg,beer,opening_drink,55.65384615,20.47560444,45.40384615,25.84134066,pexels
089_beer.jpg,beer,opening_drink,61.98275862,24.31409336,50.55172414,25.90276854,pexels
090_beer.jpg,beer,opening_drink,57.71153846,20.00915138,41.94230769,25.25199543,pexels
091_beer.jpg,beer,opening_drink,41.03448276,27.64052804,33.56896552,29.22814797,pexels
092_beer.jpg,beer,opening_drink,48.67307692,22.44708038,38.07692308,28.33611024,pexels
093_beer.jpg,beer,opening_drink,52.22413793,24.80099255,40.5,27.78504583,pexels
094_beer.jpg,beer,people_drinking,48.44230769,24.57514563,44.34615385,27.0177027,pexels
095_beer.jpg,beer,people_drinking,50.74137931,24.18971823,40.5,28.49392056,pexels
096_beer.jpg,beer,people_drinking,58.69230769,19.43973943,46.09615385,24.43258802,pexels
097_beer.jpg,beer,people_drinking,50.18965517,22.15769392,40.18965517,26.0495189,pexels
098_beer.jpg,beer,people_drinking,52.19230769,20.7997346,41.63461538,24.70455134,pexels
099_beer.jpg,beer,people_drinking,47.86206897,24.33569919,43.84482759,27.17571266,pexels
100_beer.jpg,beer,people_drinking,54.11538462,23.09626389,51.55769231,25.00463758,pexels
101_beer.jpg,beer,people_drinking,53.37931034,19.7402675,42.18965517,26.1201387,unsplash
102_beer.jpg,beer,people_drinking,65.40384615,18.96049517,52.30769231,23.5801,unsplash
103_beer.jpg,beer,people_drinking,46.84482759,27.14858513,33.98275862,27.93444166,unsplash
104_beer.jpg,beer,people_drinking,59.96153846,20.15621496,47.92307692,24.96887957,unsplash
105_beer.jpg,beer,people_drinking,52.94827586,23.76598071,44.9137931,23.12383481,unsplash
106_beer.jpg,beer,people_drinking,55.32692308,24.36464906,41.5,24.28547537,unsplash
107_beer.jpg,beer,people_drinking,36.22413793,23.96052536,30.81034483,25.74194263,unsplash
108_beer.jpg,beer,people_drinking,45.11538462,24.38470579,35.94230769,28.35517967,unsplash
109_beer.jpg,beer,people_drinking,49.84482759,21.23535758,37.32758621,27.30554081,unsplash
110_beer.jpg,beer,people_drinking,55.96153846,22.61784957,44.78846154,26.10937518,pexels
111_beer.jpg,beer,people_drinking,56.68965517,21.09145241,50.05172414,26.03737018,pexels
112_beer.jpg,beer,people_drinking,58.01724138,24.47231976,46.15517241,25.5918036,freepik
113_beer.jpg,beer,pouring,62.96153846,20.56263653,56.82692308,22.13569662,pixabay
114_beer.jpg,beer,pouring,59.84482759,20.62429305,51.4137931,28.67178727,pixabay
115_beer.jpg,beer,pouring,57.05769231,19.61033487,48.92307692,24.78602243,pixabay
116_beer.jpg,beer,pouring,55.81034483,23.96888107,45.03448276,25.29542329,pixabay
117_beer.jpg,beer,pouring,63.73076923,21.95013545,54.15384615,23.6604946,pixabay
118_beer.jpg,beer,pouring,60.32758621,19.81704736,51.55172414,25.63931494,unsplash
119_beer.jpg,beer,pouring,60.15384615,21.0362755,52.69230769,26.36734348,unsplash
120_beer.jpg,beer,pouring,59.53448276,20.8673467,49.70689655,27.95862144,unsplash
121_beer.jpg,beer,pouring,58.94230769,25.35351116,49.36538462,25.4265793,unsplash
122_beer.jpg,beer,pouring,60.68965517,22.80905245,49.65517241,27.97464499,unsplash
123_beer.jpg,beer,pouring,57.65384615,17.46018958,46.80769231,24.79724721,unsplash
124_beer.jpg,beer,pouring,61.86206897,18.91573955,53.24137931,24.75161547,pexels
125_beer.jpg,beer,pouring,53.17307692,22.99507292,40.32692308,25.17524551,pexels
126_beer.jpg,beer,pouring,60.53448276,22.63146042,50.9137931,27.97322309,pexels
127_beer.jpg,beer,pouring,50.76923077,19.53239178,47.28846154,25.42218927,pexels
128_beer.jpg,beer,pouring,55.43103448,25.6194225,47.5,26.7694838,pexels
129_beer.jpg,beer,pouring,48.96153846,20.38161565,45.46153846,24.47604795,pexels
130_beer.jpg,beer,pouring,49.13793103,24.19616345,39.03448276,28.95063282,pexels
131_beer.jpg,beer,pouring,57.26923077,19.33412647,47.69230769,25.14314974,pexels
132_beer.jpg,beer,pouring,53.98275862,23.78300394,47.74137931,27.08761635,pexels
133_beer.jpg,beer,pouring,45.55769231,22.53834507,37.44230769,26.16794436,pexels
134_beer.jpg,beer,pouring,60,18.98198592,54.72413793,25.26060181,pexels
135_beer.jpg,beer,pouring,57.21153846,20.3376754,49.82692308,24.19505796,pexels
136_beer.jpg,beer,pouring,62.89655172,21.46207561,55.24137931,26.42719914,pexels
137_beer.jpg,beer,pouring,60.09615385,18.9159748,50.23076923,26.94920086,pexels
138_beer.jpg,beer,pouring,61.81034483,20.51653753,55.05172414,24.80833364,pexels
139_beer.jpg,beer,pouring,62,18.23270064,52.38461538,25.64474784,pexels
140_beer.jpg,beer,pouring,63.74137931,19.23589512,51.46551724,24.76430334,unsplash
141_beer.jpg,beer,pouring,57.19230769,22.66208586,51.86538462,25.45047389,unsplash
142_beer.jpg,beer,smoking_context,58.68965517,25.33647734,50.34482759,28.58938076,pexels
143_beer.jpg,beer,smoking_context,51.82692308,23.20811315,42.28846154,28.02263549,pexels
144_beer.jpg,beer,smoking_context,51.62068966,29.71550932,47.13793103,29.732402,unsplash
145_beer.jpg,beer,smoking_context,57.51923077,22.50097199,48.75,22.83004127,unsplash
146_beer.jpg,beer,smoking_context,59.51724138,26.23860914,50.39655172,29.05767988,pixabay
147_beer.jpg,beer,smoking_context,63.48076923,24.31209687,48.5,29.59166549,unsplash
148_beer.jpg,beer,smoking_context,60.5,26.54043588,49.87931034,30.9867417,pexels
149_beer.jpg,beer,smoking_context,37.55769231,23.51254439,31.17307692,25.6887258,pexels
150_beer.jpg,beer,smoking_context,55.32758621,26.10531164,48.5,30.77208236,pexels
151_beer.jpg,beer,smoking_context,47.13461538,24.30930496,38.69230769,27.31984732,pexels
152_beer.jpg,beer,social_food,76.86538462,14.35683734,59,24.41230805,unsplash
153_beer.jpg,beer,social_food,74.53448276,22.21601723,65.74137931,23.82653713,shutterstock
154_beer.jpg,beer,social_food,68.46153846,22.45296743,47.17307692,25.50257285,pexels
155_beer.jpg,beer,social_food,64.55172414,24.09569548,53.5862069,26.81714199,unsplash
156_beer.jpg,beer,social_food,59.71153846,25.27677112,51.78846154,26.94972555,pexels
157_beer.jpg,beer,social_food,70.65517241,20.73267759,55.24137931,27.11787806,pixabay
158_beer.jpg,beer,social_food,74.38461538,21.13184925,52.80769231,26.06856605,unsplash
159_beer.jpg,beer,social_food,71.72413793,24.32296807,59.75862069,26.22594828,unsplash
160_beer.jpg,beer,social_food,77.17307692,16.36917375,56.26923077,24.49739113,unsplash
161_beer.jpg,beer,social_food,74.62068966,25.73537915,58.86206897,26.72107275,unsplash
162_beer.jpg,beer,social_setting,62.5,23.26952058,52.36538462,24.6465436,unsplash
163_beer.jpg,beer,social_setting,68.5,21.54412038,59.06896552,26.79870517,unsplash
164_beer.jpg,beer,social_setting,63.96153846,20.67390279,49.30769231,26.33013517,pixabay
165_beer.jpg,beer,social_setting,69.79310345,20.82319778,58.68965517,25.25672181,unsplash
166_beer.jpg,beer,social_setting,66.25,19.66271978,50.07692308,22.88663122,unsplash
167_beer.jpg,beer,social_setting,71.29310345,18.24493068,56.46551724,24.77775992,unsplash
168_beer.jpg,beer,social_setting,71.57692308,20.68754115,58.11538462,23.25616414,unsplash
169_beer.jpg,beer,social_setting,73.51724138,21.78059766,61.25862069,24.56038769,pixabay
170_beer.jpg,beer,social_setting,51.94230769,31.46016059,47.86538462,31.35816424,pixabay
171_beer.jpg,beer,social_setting,59.79310345,23.15679478,53.25862069,25.85286325,pexels
172_beer.jpg,beer,social_setting,66.61538462,21.53624746,54.90384615,25.08906458,pexels
173_beer.jpg,beer,social_setting,63.98275862,16.86841893,53.06896552,24.48763531,pexels
174_beer.jpg,beer,social_setting,67.98076923,19.16542064,53.73076923,23.37261292,pexels
175_beer.jpg,beer,social_setting,72.24137931,16.46613787,61.13793103,23.02588039,pexels
176_beer.jpg,beer,social_setting,65.55769231,22.64163566,55.32692308,25.56630837,pexels
177_beer.jpg,beer,social_setting,57.46551724,26.72420253,50.17241379,28.63450129,pexels
178_beer.jpg,beer,social_setting,62.15384615,27.69185101,50.71153846,27.21471382,pexels
179_beer.jpg,beer,social_setting,76.20689655,20.19271939,63.98275862,22.43625776,pexels
180_beer.jpg,beer,social_setting,58.73076923,19.75051787,48.84615385,21.27908355,pexels
181_beer.jpg,beer,social_setting,70.10344828,16.7223872,60.24137931,22.04804192,pexels
182_beer.jpg,beer,social_setting,76.82692308,20.46012013,62.98076923,26.20544053,pexels
183_beer.jpg,beer,social_setting,60.67241379,22.39312859,50.20689655,27.65689446,pexels
184_beer.jpg,beer,social_setting,58.44230769,21.38756599,45.78846154,24.14282383,pexels
185_beer.jpg,beer,social_setting,65.72413793,20.09520594,56.63793103,24.68090979,pexels
186_beer.jpg,beer,social_setting,64.01923077,20.36672641,50.65384615,26.45668648,pexels
187_beer.jpg,beer,social_setting,63.75862069,21.59703549,52.10344828,24.19053726,pexels
188_beer.jpg,beer,social_setting,72.07692308,18.06290333,50.5,25.02900278,pexels
189_beer.jpg,beer,social_setting,69.15517241,18.22741498,59.84482759,24.72004778,pexels
190_beer.jpg,beer,social_setting,72.86538462,20.30360622,55.46153846,24.89071135,unsplash
191_beer.jpg,beer,social_setting,62.62068966,21.08115279,49.82758621,28.27194874,unsplash
192_beer.jpg,beer,social_setting,55.96153846,21.32563728,48.63461538,25.74233474,depositphotos
193_beer.jpg,beer,social_setting,55.10344828,30.71641064,48.25862069,30.43691223,pexels
194_beer.jpg,beer,social_setting,68.09615385,22.23868703,59.32692308,26.03370451,unsplash
195_beer.jpg,beer,social_setting,67.65384615,22.64117767,52.46153846,24.39902082,unsplash
196_beer.jpg,beer,social_setting,64.79310345,25.04155047,57.4137931,26.19698287,unsplash
197_beer.jpg,beer,social_setting,72.67307692,19.84421796,56.32692308,25.72457523,unsplash
198_beer.jpg,beer,social_setting,72.46551724,18.13227762,60.82758621,23.42598492,unsplash
199_beer.jpg,beer,social_setting,66.59615385,22.79599175,50.44230769,26.93668208,unsplash
200_beer.jpg,beer,social_setting,48.36206897,23.86857163,40.06896552,26.35377537,unsplash
201_beer.jpg,beer,social_setting,66.26923077,23.72565037,48.67307692,27.33934976,unsplash
202_beer.jpg,beer,social_setting,77.39655172,15.19688294,64.29310345,22.10819378,pexels
203_beer.jpg,beer,social_setting,71.11538462,22.60457515,54.34615385,25.65142248,pexels
204_beer.jpg,beer,social_setting,63.25862069,25.98890475,53.31034483,29.54877437,pexels
205_beer.jpg,beer,social_setting,72.30769231,20.39371151,55.15384615,26.38804291,pexels
206_general_alcohol.jpg,general_alcohol,drinking_setting,69.36206897,24.17893695,51.63793103,29.75850064,unsplash
207_general_alcohol.jpg,general_alcohol,drinking_setting,53.92307692,30.43916862,50.01923077,30.19511088,unsplash
208_general_alcohol.jpg,general_alcohol,drinking_setting,51.18867925,30.9870051,29.94915254,30.38115553,unsplash
209_general_alcohol.jpg,general_alcohol,drinking_setting,58.62068966,22.86637583,44.25862069,28.42815527,unsplash
210_general_alcohol.jpg,general_alcohol,drinking_setting,70.73333333,19.90020557,43.3,29.30434947,unsplash
211_general_alcohol.jpg,general_alcohol,drinking_setting,69.46666667,28.6974083,58.55737705,32.23793035,unsplash
212_general_alcohol.jpg,general_alcohol,drinking_setting,46.43589744,25.76185968,34.33333333,29.48739844,unsplash
213_general_alcohol.jpg,general_alcohol,drinking_setting,81.74137931,18.3824481,55.5,27.10987744,unsplash
214_general_alcohol.jpg,general_alcohol,drinking_setting,74.14634146,18.70903655,54.19512195,29.84729428,unsplash
215_general_alcohol.jpg,general_alcohol,drinking_setting,66.65384615,23.97211175,46.07692308,28.78510382,unsplash
216_general_alcohol.jpg,general_alcohol,drinking_setting,72.77358491,21.43652662,56.64150943,28.32102667,unsplash
217_general_alcohol.jpg,general_alcohol,drinking_setting,68.02702703,27.06113089,56.65,31.76883653,unsplash
218_general_alcohol.jpg,general_alcohol,drinking_setting,57.0754717,27.98272067,56.64150943,32.56773671,unsplash
219_general_alcohol.jpg,general_alcohol,drinking_setting,81.30612245,19.27995946,64.5,28.53300988,unsplash
220_general_alcohol.jpg,general_alcohol,drinking_setting,73.225,25.97384039,51,32.00762104,pexels
221_general_alcohol.jpg,general_alcohol,drinking_setting,60.96551724,24.27399556,46.0862069,28.06026377,unsplash
222_general_alcohol.jpg,general_alcohol,drinking_setting,76.50877193,21.05191102,43.41666667,31.60899446,unsplash
223_general_alcohol.jpg,general_alcohol,drinking_setting,69.09433962,23.20416421,56.24528302,29.4859195,unsplash
224_general_alcohol.jpg,general_alcohol,drinking_setting,74.55769231,19.75676946,48.38461538,27.16337922,unsplash
225_general_alcohol.jpg,general_alcohol,drinking_setting,63.57894737,29.54852315,53.55263158,35.47796984,unsplash
226_general_alcohol.jpg,general_alcohol,drinking_setting,67,21.1328297,56.43103448,26.43304157,unsplash
227_general_alcohol.jpg,negative_context,negative_context,16.71153846,17.02286414,11.88461538,17.85305361,unsplash
228_general_alcohol.jpg,negative_context,negative_context,22.96551724,23.11372761,18.39655172,23.94506846,unsplash
229_general_alcohol.jpg,negative_context,negative_context,26.94642857,24.47590254,25.61016949,27.88895279,unsplash
230_general_alcohol.jpg,negative_context,negative_context,19.76923077,20.45336356,7.813953488,15.16772233,unsplash
231_general_alcohol.jpg,negative_context,negative_context,22.03773585,19.89681291,20.69811321,23.70863597,unsplash
232_general_alcohol.jpg,negative_context,negative_context,14.23076923,15.48511668,22.31481481,27.29422088,pexels
233_general_alcohol.jpg,negative_context,negative_context,41.03448276,24.41596078,41.24137931,28.17384026,pexels
234_general_alcohol.jpg,negative_context,negative_context,53.92307692,26.50774667,37.07692308,26.77271523,pexels
235_general_alcohol.jpg,negative_context,negative_context,30.10344828,30.4271864,14.43548387,22.80826782,pexels
236_general_alcohol.jpg,negative_context,negative_context,35.31034483,24.64356925,32.94827586,26.95377617,pexels
237_general_alcohol.jpg,negative_context,negative_context,23.53658537,21.19799231,23.95348837,24.89688591,pexels
238_general_alcohol.jpg,negative_context,negative_context,17.54,21.92865053,16.76923077,23.81268025,pexels
239_general_alcohol.jpg,negative_context,negative_context,24.94339623,19.59239952,27.66037736,21.49681854,pexels
240_general_alcohol.jpg,negative_context,negative_context,19.14285714,17.2776063,20.34883721,24.69806597,pexels
241_general_alcohol.jpg,negative_context,negative_context,22.39622642,22.24888902,23.30188679,24.63548481,pexels
242_general_alcohol.jpg,negative_context,negative_context,16.5,18.17010023,17.19354839,23.7603049,pexels
243_general_alcohol.jpg,negative_context,negative_context,35.68571429,21.7089998,34.36585366,31.17992631,pexels
244_general_alcohol.jpg,negative_context,negative_context,45.54716981,22.65507757,39,27.50804078,pexels
245_general_alcohol.jpg,negative_context,negative_context,17.23076923,17.43780156,11.68292683,17.37877876,pexels
246_general_alcohol.jpg,negative_context,negative_context,28.44230769,25.62658964,21.09615385,23.46901137,pexels
247_general_alcohol.jpg,negative_context,negative_context,33.10344828,25.3838529,32.27586207,26.27639398,pexels
248_general_alcohol.jpg,negative_context,negative_context,44.48076923,23.14870122,38.94230769,28.19498875,pexels
249_general_alcohol.jpg,negative_context,negative_context,16.05769231,19.78156545,19.58490566,28.0812242,pexels
250_general_alcohol.jpg,negative_context,negative_context,18.96551724,22.56916505,15.22413793,23.02328577,pexels
251_general_alcohol.jpg,negative_context,negative_context,40.32075472,18.76655534,26.56603774,23.94666304,pexels
252_general_alcohol.jpg,negative_context,negative_context,23.55,20.82891235,18,24.31299963,pexels
253_general_alcohol.jpg,negative_context,negative_context,14.71698113,16.58356155,19.56603774,23.10054065,pexels
254_general_alcohol.jpg,negative_context,negative_context,11.80952381,14.54787108,11.35483871,19.34170452,pexels
255_general_alcohol.jpg,negative_context,negative_context,19,20.85480944,16.31707317,23.67640072,pexels
256_general_alcohol.jpg,negative_context,negative_context,31.60377358,25.24673598,25.45283019,24.91181836,pexels
257_general_alcohol.jpg,negative_context,negative_context,9,11.36026213,5.634146341,8.782813039,pexels
258_general_alcohol.jpg,negative_context,negative_context,46.32692308,23.67071588,31.63461538,24.68231791,pexels
259_general_alcohol.jpg,negative_context,negative_context,34.25862069,22.7569618,32.9137931,26.72359131,pexels
260_general_alcohol.jpg,negative_context,negative_context,25.39583333,24.70915033,31.09615385,28.46343345,pexels
261_general_alcohol.jpg,negative_context,negative_context,38.30769231,22.10539679,37.63461538,26.65173272,pexels
262_general_alcohol.jpg,negative_context,negative_context,9.290322581,13.05020205,16.40983607,22.02073042,pexels
263_general_alcohol.jpg,negative_context,negative_context,16.23076923,20.88588545,21.09615385,28.38548346,pexels
264_general_alcohol.jpg,negative_context,negative_context,19.53448276,20.96464486,17.13793103,22.56176573,pexels
265_general_alcohol.jpg,negative_context,negative_context,18.63461538,20.348945,21.17307692,22.56643452,pexels
266_general_alcohol.jpg,negative_context,negative_context,24.94827586,24.2461228,22.82758621,24.30229065,pexels
267_general_alcohol.jpg,negative_context,negative_context,58.92857143,31.97832058,45.64912281,31.65635302,pexels
268_general_alcohol.jpg,negative_context,negative_context,28.88461538,21.29683199,27.69230769,23.30744092,pexels
269_general_alcohol.jpg,negative_context,negative_context,12.42857143,12.47831452,19.73076923,26.99681563,pexels
270_general_alcohol.jpg,negative_context,negative_context,32.05660377,24.94179,31.35849057,27.55560416,pexels
271_general_alcohol.jpg,negative_context,negative_context,17.54761905,19.05345802,7.261904762,12.51742108,pexels
272_general_alcohol.jpg,negative_context,negative_context,33.39655172,27.6975771,27.60344828,28.0837967,pexels
273_general_alcohol.jpg,negative_context,negative_context,9.916666667,16.03205652,17.04761905,22.58562815,pexels
274_general_alcohol.jpg,negative_context,negative_context,18.01923077,24.85762627,17.84615385,23.5907797,pexels
275_general_alcohol.jpg,negative_context,negative_context,27.90566038,24.83659223,30.43396226,27.4930127,pexels
276_general_alcohol.jpg,negative_context,negative_context,25.2,19.67192455,20.84210526,26.21483623,pexels
277_general_alcohol.jpg,negative_context,negative_context,11.65384615,17.41295958,21.59615385,27.20529044,pexels
278_general_alcohol.jpg,negative_context,negative_context,10.73015873,14.04279904,12.09677419,15.88246758,pexels
279_general_alcohol.jpg,negative_context,negative_context,12.92592593,19.45469032,18.01923077,27.3119168,pexels
280_general_alcohol.jpg,negative_context,negative_context,15.23214286,19.74656801,18.08064516,22.32788332,pexels
281_general_alcohol.jpg,negative_context,negative_context,14.62,20.87366273,15.30769231,24.9764897,unsplash
282_general_alcohol.jpg,negative_context,negative_context,19.77966102,18.97736201,19.88135593,21.19538397,unsplash
283_general_alcohol.jpg,negative_context,negative_context,35.5,24.91124596,34.36206897,27.66193044,unsplash
284_general_alcohol.jpg,negative_context,negative_context,17.69811321,20.25945639,14.98039216,25.77323433,unsplash
285_general_alcohol.jpg,negative_context,negative_context,19.28846154,21.45157478,12.71153846,20.82827691,unsplash
286_general_alcohol.jpg,negative_context,negative_context,16.16981132,21.0966055,22.71698113,27.93355947,unsplash
287_general_alcohol.jpg,general_alcohol,supermarket_setting,39.47619048,23.76124955,34.82692308,32.62064855,own_image
288_general_alcohol.jpg,general_alcohol,supermarket_setting,37.54166667,23.30095271,32.40677966,29.45839769,own_image
289_general_alcohol.jpg,general_alcohol,supermarket_setting,42.54166667,25.95812542,29.05263158,27.80525652,own_image
290_general_alcohol.jpg,general_alcohol,supermarket_setting,44.80769231,22.82073228,41.84615385,28.98233716,own_image
291_general_alcohol.jpg,general_alcohol,supermarket_setting,28.47169811,22.48982999,22.0754717,26.17827127,own_image
292_general_alcohol.jpg,general_alcohol,supermarket_setting,40.12068966,24.05481867,31.5862069,25.66247481,own_image
293_neutral.jpg,neutral,neutral,55.81034483,29.79547646,11.32758621,21.52141971,pexels
294_neutral.jpg,neutral,neutral,60.42307692,25.63265851,19.21153846,24.93704744,pexels
295_neutral.jpg,neutral,neutral,75.2,18.61108309,4.348837209,10.80538605,pexels
296_neutral.jpg,neutral,neutral,37.5862069,26.3459005,17.27586207,22.5503671,unsplash
297_neutral.jpg,neutral,neutral,56.73076923,20.84500729,16.05769231,22.94871816,pexels
298_neutral.jpg,neutral,neutral,43.64,26.62373628,2.636363636,6.864437879,pexels
299_neutral.jpg,neutral,neutral,64.58490566,27.12112004,12.35849057,18.07579591,unsplash
300_neutral.jpg,neutral,neutral,72.84444444,23.47431435,13.65957447,19.0071801,pexels
301_neutral.jpg,neutral,neutral,70.20754717,25.5533819,16.65,23.79775306,pexels
302_neutral.jpg,neutral,neutral,63.4137931,26.79947269,16.98275862,22.03943147,unsplash
303_neutral.jpg,neutral,neutral,63.05769231,26.98250229,21,23.33809475,unsplash
304_neutral.jpg,neutral,neutral,52.31818182,29.56089174,3.857142857,8.858154376,unsplash
305_neutral.jpg,neutral,neutral,54.58490566,23.63214398,16.71698113,23.37435919,unsplash
306_neutral.jpg,neutral,neutral,44.02083333,29.00879513,18.01923077,24.63497465,unsplash
307_neutral.jpg,neutral,neutral,74.45614035,16.81524624,12.31666667,19.9902448,unsplash
308_neutral.jpg,neutral,neutral,46.0862069,22.9264916,20.67241379,26.4962016,unsplash
309_neutral.jpg,neutral,neutral,59.86538462,25.9131497,24,24.87695209,unsplash
310_neutral.jpg,neutral,neutral,40.96,27.19908087,4,8.610431748,unsplash
311_neutral.jpg,neutral,neutral,73.73584906,17.06790842,24.43396226,25.14688345,pexels
312_neutral.jpg,neutral,neutral,51.91304348,26.59977117,10.34615385,19.68266343,pexels
313_neutral.jpg,neutral,neutral,62.55102041,26.14627222,12.09677419,18.29871417,pexels
314_neutral.jpg,neutral,neutral,55.03448276,24.78749368,31.77586207,28.23276876,pexels
315_neutral.jpg,neutral,neutral,50.98076923,27.36427497,18.40384615,22.44842421,pexels
316_neutral.jpg,neutral,neutral,48.85185185,24.22919997,5,11.36441815,pexels
317_neutral.jpg,neutral,neutral,55.50943396,20.50855604,31.41509434,26.79080925,unsplash
318_neutral.jpg,neutral,neutral,60.07894737,23.04095247,15.41666667,21.42759538,unsplash
319_neutral.jpg,neutral,neutral,51.08510638,27.24831849,29.65517241,28.07730664,unsplash
320_neutral.jpg,neutral,neutral,47.46551724,24.40751647,18.93103448,25.54312629,unsplash
321_neutral.jpg,neutral,neutral,36.15384615,22.96833679,21.78846154,19.68311363,unsplash
322_neutral.jpg,neutral,neutral,51.41935484,31.31216398,15.72093023,25.06688727,unsplash
323_neutral.jpg,neutral,neutral,42.71698113,26.25934073,12.43396226,17.72493836,pexels
324_neutral.jpg,neutral,neutral,41.90243902,28.77308193,16.96,25.63317366,unsplash
325_neutral.jpg,neutral,neutral,37.58,26.45989649,11.51666667,21.17841215,unsplash
326_neutral.jpg,neutral,neutral,63.96551724,28.54971995,24.62068966,27.64170989,unsplash
327_neutral.jpg,neutral,neutral,60.82692308,24.1187594,16.71153846,23.95775411,unsplash
328_neutral.jpg,neutral,neutral,59.5,25.08694558,5.372093023,8.28372833,unsplash
329_neutral.jpg,neutral,neutral,63.35849057,25.65008198,13.37735849,20.18303402,unsplash
330_neutral.jpg,neutral,neutral,67.16666667,27.84022296,19.39215686,26.96892911,unsplash
331_neutral.jpg,neutral,neutral,69.15686275,20.35620058,11.29032258,19.28678057,pexels
332_neutral.jpg,neutral,neutral,56.82758621,25.90274518,14.36206897,21.65980858,unsplash
333_neutral.jpg,neutral,neutral,71.57692308,20.73298608,18.15384615,24.6738606,unsplash
334_neutral.jpg,neutral,neutral,41.65517241,25.76026267,5.697674419,12.20759889,unsplash
335_neutral.jpg,neutral,neutral,53.13207547,23.46850405,16.20754717,21.72764854,unsplash
336_neutral.jpg,neutral,neutral,53.79069767,25.83146673,13.6,21.40760879,pexels
337_neutral.jpg,neutral,neutral,52.49019608,30.43640751,10.50819672,19.9521285,pexels
338_neutral.jpg,neutral,neutral,45.84482759,27.12207732,21.84482759,26.64042682,pexels
339_neutral.jpg,neutral,neutral,59.17307692,26.46175276,13.90384615,18.2898875,pexels
340_neutral.jpg,neutral,neutral,71.55,27.45038587,4.255813953,12.16179229,pexels
341_neutral.jpg,neutral,neutral,58.50943396,26.93340979,11.67924528,19.13290921,pexels
342_neutral.jpg,neutral,neutral,57.11764706,22.66323241,13.17647059,25.49015958,pexels
343_neutral.jpg,neutral,neutral,61.95833333,23.62919069,9.983870968,20.50948756,pexels
344_spirits.jpg,spirits,branding,51.22727273,26.31372764,38.08,32.25778818,unsplash
345_spirits.jpg,spirits,branding,34.10869565,25.02019474,25.29310345,28.25759244,unsplash
346_spirits.jpg,spirits,branding,37.53061224,28.39535029,28.92592593,32.20854911,unsplash
347_spirits.jpg,spirits,branding,43.17391304,23.42866653,33.29310345,28.65953111,unsplash
348_spirits.jpg,spirits,branding,48.78378378,25.10990855,40.89583333,30.6942642,unsplash
349_spirits.jpg,spirits,branding,50.83673469,24.89757932,34.01754386,29.62653928,unsplash
350_spirits.jpg,spirits,branding,50.35714286,24.89472608,39.3,31.80248354,unsplash
351_spirits.jpg,spirits,branding,45.9787234,24.84428844,39.86440678,29.49953689,unsplash
352_spirits.jpg,spirits,branding,46.95652174,28.2590843,36.23529412,32.3849275,unsplash
353_spirits.jpg,spirits,branding,51.9047619,26.88077518,38.86206897,30.01195567,unsplash
354_spirits.jpg,spirits,branding,58.46341463,21.91357748,43.28888889,31.24217882,pexels
355_spirits.jpg,spirits,branding,36.95652174,27.79924581,29.03508772,29.36589671,pexels
356_spirits.jpg,spirits,branding,42,23.98310216,29.97777778,31.07797297,pexels
357_spirits.jpg,spirits,branding,38.93478261,26.49310365,31.86206897,30.50996287,pexels
358_spirits.jpg,spirits,branding,37.8372093,25.22463859,30.375,28.98027576,unsplash
359_spirits.jpg,spirits,branding,46.31914894,25.33866815,30.60344828,27.31938432,unsplash
360_spirits.jpg,spirits,branding,30.06818182,28.64814433,25.21568627,32.14113484,unsplash
361_spirits.jpg,spirits,branding,47.77083333,27.77128441,34.29090909,29.27055955,unsplash
362_spirits.jpg,spirits,branding,37.65116279,25.82531401,33.125,33.36428528,unsplash
363_spirits.jpg,spirits,branding,55.1372549,22.8447102,41.05084746,27.74230165,unsplash
364_spirits.jpg,spirits,closeup,68.375,21.73204811,60.92592593,26.50941581,unsplash
365_spirits.jpg,spirits,closeup,53.66666667,23.7575833,42.6,32.93840882,pexels
366_spirits.jpg,spirits,closeup,46.7,27.4555118,30.57627119,26.90609685,unsplash
367_spirits.jpg,spirits,closeup,47.37209302,25.47176145,39.04081633,31.95045591,unsplash
368_spirits.jpg,spirits,closeup,62.08510638,21.64820485,35.12280702,28.86549483,burst
369_spirits.jpg,spirits,closeup,62.88636364,18.28357493,52.65217391,27.79385815,unsplash
370_spirits.jpg,spirits,closeup,71.01886792,15.72784225,51.80701754,30.46745254,burst
371_spirits.jpg,spirits,closeup,71.67346939,20.8050352,58.77083333,27.7137646,burst
372_spirits.jpg,spirits,closeup,80.10169492,13.86473437,62.66666667,23.80689735,burst
373_spirits.jpg,spirits,closeup,52.65909091,21.71693496,41.81632653,29.10875689,burst
374_spirits.jpg,spirits,closeup,72.0754717,15.51407433,62.24137931,22.50638143,burst
375_spirits.jpg,spirits,closeup,55.43902439,23.15928408,45.42857143,29.273139,burst
376_spirits.jpg,spirits,closeup,69.44680851,20.40866026,59.65517241,24.99722913,burst
377_spirits.jpg,spirits,cocktail_preparation,48.325,22.74765415,37.45833333,27.94139637,unsplash
378_spirits.jpg,spirits,cocktail_preparation,70.0754717,17.73723708,55.74545455,28.20705072,pexels
379_spirits.jpg,spirits,cocktail_preparation,65.44680851,19.49895037,53.2745098,26.50968007,unsplash
380_spirits.jpg,spirits,cocktail_preparation,73.61111111,18.40981759,56.69491525,29.47544521,unsplash
381_spirits.jpg,spirits,cocktail_preparation,73.63265306,17.43403505,58.2745098,25.11977582,unsplash
382_spirits.jpg,spirits,cocktail_preparation,65.70212766,21.0949354,38.81355932,27.82858526,unsplash
383_spirits.jpg,spirits,cocktail_preparation,64.55555556,16.90959324,49.68627451,29.36357621,unsplash
384_spirits.jpg,spirits,cocktail_preparation,63.875,24.06164512,47.72222222,27.86518533,unsplash
385_spirits.jpg,spirits,cocktail_preparation,65.30434783,17.95781423,52.48,25.86088371,unsplash
386_spirits.jpg,spirits,cocktail_preparation,45.95652174,22.74882807,35.33333333,25.37626455,pexels
387_spirits.jpg,spirits,cocktail_preparation,57.76744186,21.36735072,46,27.02304383,pexels
388_spirits.jpg,spirits,cocktail_preparation,72.38596491,21.04990192,44.96551724,29.99296147,pexels
389_spirits.jpg,spirits,cocktail_preparation,62.13953488,20.31370801,47.93617021,30.73406569,pexels
390_spirits.jpg,spirits,cocktail_preparation,63,22.87324169,52.82758621,25.34542966,pexels
391_spirits.jpg,spirits,cocktail_preparation,56.04761905,21.15212309,51.2,28.43251947,pexels
392_spirits.jpg,spirits,food_setting,66.375,21.9463805,32.68627451,30.24730745,unsplash
393_spirits.jpg,spirits,food_setting,74.01785714,20.23362734,52.36666667,28.16956325,unsplash
394_spirits.jpg,spirits,food_setting,74.45833333,14.10139322,53.48979592,28.07365495,unsplash
395_spirits.jpg,spirits,food_setting,76.12962963,15.95281521,51.16666667,30.88753062,unsplash
396_spirits.jpg,spirits,food_setting,77.66666667,19.99666639,46.92,27.44184203,unsplash
397_spirits.jpg,spirits,food_setting,77.96363636,19.44694933,42.22033898,28.90296954,unsplash
398_spirits.jpg,spirits,food_setting,80.94,15.16226519,52.94339623,25.96403955,unsplash
399_spirits.jpg,spirits,food_setting,80.22413793,17.53397014,53.05084746,27.74851579,unsplash
400_spirits.jpg,spirits,food_setting,75.48979592,16.68098025,60.56862745,24.04849675,unsplash
401_spirits.jpg,spirits,food_setting,77.49122807,20.17611991,43.96721311,32.25366502,unsplash
402_spirits.jpg,spirits,food_setting,74.79166667,22.59915112,40.78431373,27.63498777,pexels
403_spirits.jpg,spirits,food_setting,80.63636364,20.95618324,30.6557377,29.11751205,pexels
404_spirits.jpg,spirits,food_setting,68.30434783,20.0630889,47.23529412,30.59188666,pexels
405_spirits.jpg,spirits,food_setting,72.62962963,18.2449748,55.42622951,27.5834848,pexels
406_spirits.jpg,spirits,food_setting,76.76,19.7034753,58.71428571,27.37319248,pexels
407_spirits.jpg,spirits,food_setting,73.61111111,16.75958376,48.10909091,26.66991142,pexels
408_spirits.jpg,spirits,food_setting,73.75510204,17.14342757,57.02040816,23.43029538,pexels
409_spirits.jpg,spirits,food_setting,75.45283019,19.10151629,52.12280702,26.5498656,pexels
410_spirits.jpg,spirits,food_setting,74.20833333,21.90789067,49.26666667,24.41999926,pexels
411_spirits.jpg,spirits,food_setting,74.66071429,18.38109383,57.67241379,27.29718701,pexels
412_spirits.jpg,spirits,food_setting,80.46153846,12.68233531,52.0625,28.05951596,pexels
413_spirits.jpg,spirits,holiday_food,78.33333333,14.986992,51,28.5399827,unsplash
414_spirits.jpg,spirits,holiday_food,84.68965517,14.18945358,41.06666667,35.21501349,unsplash
415_spirits.jpg,spirits,holiday_setting,70.88235294,18.23035607,50.20338983,27.16030297,unsplash
416_spirits.jpg,spirits,holiday_setting,77.44897959,15.35966203,61.18,27.01827802,unsplash
417_spirits.jpg,spirits,holiday_setting,83.61111111,14.26754685,53.05357143,29.27264913,unsplash
418_spirits.jpg,spirits,holiday_setting,79.41176471,17.08938439,62.24,28.45301175,unsplash
419_spirits.jpg,spirits,holiday_setting,78.51851852,16.99138599,64.89830508,25.77000055,unsplash
420_spirits.jpg,spirits,holiday_setting,79.37735849,18.0706162,60.56,25.15353669,unsplash
421_spirits.jpg,spirits,holiday_setting,80.29032258,15.02608344,65.95,22.92243738,pexels
422_spirits.jpg,spirits,holiday_setting,75.69230769,22.80741061,58.65384615,29.35642002,unsplash
423_spirits.jpg,spirits,holiday_setting,85,14.16649763,62.06349206,26.46170271,unsplash
424_spirits.jpg,spirits,holiday_setting,79.36538462,16.34556826,61.58333333,27.91158787,pexels
425_spirits.jpg,spirits,holiday_setting,83.62068966,13.59157064,60.72131148,27.3088088,pexels
426_spirits.jpg,spirits,holiday_setting,77.90196078,15.56952781,60.98039216,27.72687519,pexels
427_spirits.jpg,spirits,holiday_setting,85.59649123,13.30797243,58.71186441,30.24386563,pexels
428_spirits.jpg,spirits,holiday_setting,77.6,16.7453923,67.69387755,23.31416244,pexels
429_spirits.jpg,spirits,holiday_setting,81.28813559,17.85289588,57.1147541,33.43256813,pexels
430_spirits.jpg,spirits,holiday_setting,83.53846154,15.60852148,60.13461538,28.88858167,pexels
431_spirits.jpg,spirits,holiday_setting,86.05084746,13.19799322,62.24561404,25.55545839,pexels
432_spirits.jpg,spirits,holiday_setting,83.09433962,17.82205219,65.94444444,26.41570192,pexels
433_spirits.jpg,spirits,holiday_setting,77.23728814,20.72591164,58.72881356,28.84849276,pexels
434_spirits.jpg,spirits,holiday_setting,71.25531915,22.85822855,59.32692308,25.24213809,unsplash
435_spirits.jpg,spirits,people_drinking,54.77272727,23.98048008,42.75510204,28.92701348,freepik
436_spirits.jpg,spirits,people_drinking,29.94339623,20.42191046,25.74137931,24.04276916,unsplash
437_spirits.jpg,spirits,people_drinking,63.38297872,25.96867108,47.54901961,28.82867581,unsplash
438_spirits.jpg,spirits,people_drinking,36.80769231,23.35492429,31.79310345,25.3209286,pexels
439_spirits.jpg,spirits,people_drinking,40.175,24.86155254,31.72916667,28.26752108,pexels
440_spirits.jpg,spirits,people_drinking,34.7962963,25.22530897,29.53333333,27.34677911,pexels
441_spirits.jpg,spirits,people_drinking,49.97674419,22.4843738,37.3877551,29.18819419,pexels
442_spirits.jpg,spirits,people_drinking,51.44,26.6306253,41.36206897,31.3103863,freepik
443_spirits.jpg,spirits,people_drinking,55.39534884,33.46934599,38.96,36.53846729,unsplash
444_spirits.jpg,spirits,people_drinking,52.80769231,28.23295145,37.65,31.91133107,unsplash
445_spirits.jpg,spirits,people_drinking,63,21.5817684,44.54901961,28.24982388,unsplash
446_spirits.jpg,spirits,people_drinking,21.26315789,20.55526203,17.19354839,20.50177018,unsplash
447_spirits.jpg,spirits,people_drinking,43.13953488,22.86771627,33.58333333,27.9336854,unsplash
448_spirits.jpg,spirits,people_drinking,69.8627451,19.58164407,51.33898305,26.39919681,unsplash
449_spirits.jpg,spirits,people_drinking,65.86956522,22.25170026,55.96,27.98611901,unsplash
450_spirits.jpg,spirits,people_drinking,43.96153846,27.02211261,15.38333333,21.61143111,unsplash
451_spirits.jpg,spirits,people_drinking,67.7,22.4828733,52.24489796,27.56094052,unsplash
452_spirits.jpg,spirits,people_drinking,41.36734694,22.55520439,34.68852459,26.29863177,unsplash
453_spirits.jpg,spirits,people_drinking,59.06382979,21.70694565,43.94642857,26.49213924,freepik
454_spirits.jpg,spirits,pouring,65.69387755,20.20231431,57.05769231,25.28226028,unsplash
455_spirits.jpg,spirits,pouring,58.10638298,24.20854506,43.61016949,28.40047167,unsplash
456_spirits.jpg,spirits,pouring,50.97777778,22.78305679,43.42857143,29.87055406,unsplash
457_spirits.jpg,spirits,pouring,51.89361702,25.31044985,43,27.96364635,freepik
458_spirits.jpg,spirits,pouring,42.25531915,26.80563543,35.9375,31.27190721,freepik
459_spirits.jpg,spirits,pouring,70,22.34691512,52.58928571,26.42572905,unsplash
460_spirits.jpg,spirits,pouring,55.69767442,26.83151566,46.4,33.98378965,unsplash
461_spirits.jpg,spirits,pouring,69.73913043,16.62051581,59.25,23.58287431,unsplash
462_spirits.jpg,spirits,pouring,48.97959184,24.63778416,39.9137931,27.74083347,unsplash
463_spirits.jpg,spirits,pouring,54.48888889,24.04978002,40.46153846,29.37349849,unsplash
464_spirits.jpg,spirits,pouring,70.64705882,18.06302691,55.8,25.75227487,unsplash
465_spirits.jpg,spirits,pouring,64.76595745,17.82305879,54.46938776,27.83665303,unsplash
466_spirits.jpg,spirits,pouring,58.13636364,18.4133305,41.76785714,29.5530285,unsplash
467_spirits.jpg,spirits,pouring,73.91836735,16.56280564,63.43137255,19.9080435,unsplash
468_spirits.jpg,spirits,pouring,58.12727273,24.83206898,47.34482759,31.69622908,unsplash
469_spirits.jpg,spirits,pouring,75.29166667,11.73095257,61.57142857,21.68620914,unsplash
470_spirits.jpg,spirits,pouring,62.06122449,21.62888516,49.21428571,27.95757454,unsplash
471_spirits.jpg,spirits,pouring,44.33333333,23.74198429,39.84,32.19922676,pexels
472_spirits.jpg,spirits,pouring,56.30952381,26.07352465,41.83050847,29.76931569,pexels
473_spirits.jpg,spirits,pouring,55.61904762,19.50103485,45.66,29.86678587,pexels
474_spirits.jpg,spirits,pouring,67.0754717,18.08085372,53.28571429,25.75246804,pexels
475_spirits.jpg,spirits,pouring,57.86666667,23.40512764,45.9,28.16079921,pexels
476_spirits.jpg,spirits,pouring,63.07843137,22.847182,49.25862069,27.73721317,freepik
477_spirits.jpg,spirits,pouring,50.16666667,27.58836505,35.42307692,31.51367344,unsplash
478_spirits.jpg,spirits,smoking_context,63.9,23.10954392,53.32142857,27.26243312,unsplash
479_spirits.jpg,spirits,smoking_context,62.52272727,21.68322536,54.77083333,25.03889705,freepik
480_spirits.jpg,spirits,smoking_context,65.57407407,19.4999776,53.05,25.05953927,unsplash
481_spirits.jpg,spirits,smoking_context,56.5,25.28139506,37.58823529,31.5621143,unsplash
482_spirits.jpg,spirits,smoking_context,36.92307692,27.6780129,28.32258065,27.70321292,pexels
483_spirits.jpg,spirits,smoking_context,36.46,30.38609376,33.01923077,34.35083718,pexels
484_spirits.jpg,spirits,smoking_context,45.65957447,26.04534223,32.6779661,28.5327644,pexels
485_spirits.jpg,spirits,smoking_context,75.20408163,16.98648923,48.92156863,30.3972651,pexels
486_spirits.jpg,spirits,smoking_context,51.07142857,28.14886217,41.03225806,31.61290862,pexels
487_spirits.jpg,spirits,social_food,72.32,22.34921356,38.75510204,28.28981752,unsplash
488_spirits.jpg,spirits,social_food,77.41071429,17.47078266,59.43103448,28.10326326,unsplash
489_spirits.jpg,spirits,social_food,75.66666667,21.36976057,59.6,28.71819447,unsplash
490_spirits.jpg,spirits,social_food,82,15.25220081,59.31666667,25.70464026,unsplash
491_spirits.jpg,spirits,social_food,76.58490566,17.05921132,62.30769231,24.49612892,unsplash
492_spirits.jpg,spirits,social_food,73.98148148,19.49793481,51.01694915,27.90407925,pexels
493_spirits.jpg,spirits,social_food,80.65306122,17.8763706,53.6122449,26.97824457,pexels
494_spirits.jpg,spirits,social_food,83.35714286,17.33040268,50.85,29.74799523,pexels
495_spirits.jpg,spirits,social_food,74.95744681,20.22800195,54.13461538,28.05738437,pexels
496_spirits.jpg,spirits,social_food,65.38,22.84096749,48.24137931,24.55949478,pexels
497_spirits.jpg,spirits,social_setting,49.98039216,25.3830575,32.46428571,26.93558936,freepik
498_spirits.jpg,spirits,social_setting,72.73469388,15.68807338,65.50980392,22.67366097,unsplash
499_spirits.jpg,spirits,social_setting,53,21.1338948,45.40677966,28.94591785,freepik
500_spirits.jpg,spirits,social_setting,60.59090909,23.40772898,44.95833333,33.61797792,freepik
501_spirits.jpg,spirits,social_setting,72.83333333,20.25940266,48.76666667,30.35516691,unsplash
502_spirits.jpg,spirits,social_setting,61.29545455,21.95934885,42.48979592,26.72243319,unsplash
503_spirits.jpg,spirits,social_setting,42.57894737,32.13417594,40.89830508,32.92818461,unsplash
504_spirits.jpg,spirits,social_setting,73.42,16.74306436,61.36538462,25.95322251,unsplash
505_spirits.jpg,spirits,social_setting,66.65306122,23.66480423,56.06,27.74476233,unsplash
506_spirits.jpg,spirits,social_setting,57.26415094,27.75798634,37.44827586,33.30569332,unsplash
507_spirits.jpg,spirits,social_setting,68.125,24.23697281,58.72340426,25.05359657,unsplash
508_spirits.jpg,spirits,social_setting,76.27586207,23.15985115,45.96666667,27.58037049,unsplash
509_spirits.jpg,spirits,social_setting,67.48979592,21.65844951,61.76923077,24.36536869,unsplash
510_spirits.jpg,spirits,social_setting,74.59649123,22.85111724,58.14035088,26.15642409,unsplash
511_spirits.jpg,spirits,social_setting,78.8,18.66897459,65.24,26.33734061,unsplash
512_spirits.jpg,spirits,social_setting,79,19.69148003,61.46666667,25.89186553,unsplash
513_spirits.jpg,spirits,social_setting,76.90196078,16.50970006,59.71153846,27.63227478,unsplash
514_spirits.jpg,spirits,social_setting,69.85106383,17.49407194,48.22033898,26.84699161,unsplash
515_spirits.jpg,spirits,social_setting,70.21276596,20.48959033,52.07692308,27.72472964,unsplash
516_spirits.jpg,spirits,social_setting,48.375,29.6200227,38.12,33.92346729,unsplash
517_spirits.jpg,spirits,social_setting,79.86440678,18.5048527,63.31666667,24.04268215,unsplash
518_spirits.jpg,spirits,social_setting,77.60416667,15.42964759,55.82352941,26.62157462,unsplash
519_spirits.jpg,spirits,social_setting,70.5,20.00727141,50.96610169,28.04120497,unsplash
520_spirits.jpg,spirits,social_setting,73.74,14.3964423,64.35294118,22.25652581,unsplash
521_spirits.jpg,spirits,social_setting,75.24137931,22.3224459,56.62711864,28.44165128,unsplash
522_spirits.jpg,spirits,social_setting,62.8,28.40451243,42.10638298,32.32325455,unsplash
523_spirits.jpg,spirits,social_setting,67.77358491,19.81417666,44.71929825,29.43379641,unsplash
524_spirits.jpg,spirits,social_setting,76,14.26224964,59.32692308,24.73920533,unsplash
525_spirits.jpg,spirits,social_setting,80.67857143,18.92579494,66.94915254,23.19142509,unsplash
526_spirits.jpg,spirits,social_setting,65.34042553,21.24932387,47.84615385,29.46076461,unsplash
527_spirits.jpg,spirits,social_setting,81.01694915,17.07134272,67.44067797,25.1939177,unsplash
528_spirits.jpg,spirits,social_setting,71.40816327,21.61203211,61.06,27.53432737,unsplash
529_spirits.jpg,spirits,social_setting,76.22641509,14.98799713,53.75,26.28878088,unsplash
530_spirits.jpg,spirits,social_setting,72.38461538,19.39491933,60.1,21.91006665,unsplash
531_spirits.jpg,spirits,social_setting,81.95081967,15.76116137,57.67857143,27.99617321,unsplash
532_spirits.jpg,spirits,social_setting,71.98,18.54777615,60.70588235,25.67122445,unsplash
533_spirits.jpg,spirits,social_setting,73.01724138,22.32573166,49.53571429,31.06296496,unsplash
534_spirits.jpg,spirits,social_setting,59.95918367,30.4589609,45.72,32.74392918,pexels
535_spirits.jpg,spirits,social_setting,72.55,26.81412795,54.57142857,30.04336344,pexels
536_spirits.jpg,spirits,social_setting,55.62,28.48550652,58.88679245,28.58567445,pexels
537_spirits.jpg,spirits,social_setting,83.5,16.48524061,64.10169492,26.25649011,pexels
538_wine.jpg,wine,branding,54.56603774,19.47731366,43.66037736,27.79176925,unsplash
539_wine.jpg,wine,branding,62.43478261,18.35465283,37.37837838,29.82667649,pexels
540_wine.jpg,wine,branding,60.20754717,16.69794839,48.32075472,24.80909696,unsplash
541_wine.jpg,wine,branding,60.2,14.0967103,44.69230769,28.78335945,unsplash
542_wine.jpg,wine,branding,66.69811321,21.26262965,53.49056604,29.14791366,unsplash
543_wine.jpg,wine,branding,64.36666667,18.45120935,46.64864865,30.40030721,unsplash
544_wine.jpg,wine,branding,58.54716981,18.2657372,45.16981132,25.78143029,pexels
545_wine.jpg,wine,branding,56.86363636,13.24600732,36.68571429,28.25386119,pexels
546_wine.jpg,wine,branding,52.33962264,21.14596106,45.50943396,27.64793958,pexels
547_wine.jpg,wine,branding,56.14285714,20.79010754,38.66666667,33.11797095,pexels
548_wine.jpg,wine,branding,51.94339623,19.7303116,40.18867925,27.08182516,pexels
549_wine.jpg,wine,branding,52.45454545,19.07560714,38,29.45523911,pexels
550_wine.jpg,wine,branding,60.77358491,19.56511958,52.22641509,27.99425869,pexels
551_wine.jpg,wine,branding,68,20.46041474,52.6097561,30.1511841,pexels
552_wine.jpg,wine,branding,67.20754717,17.72151939,50.9245283,27.78270703,pexels
553_wine.jpg,wine,branding,58.27272727,22.87269493,42.29411765,30.06511057,pexels
554_wine.jpg,wine,branding,62.42592593,21.56132268,49.51851852,30.10280545,pexels
555_wine.jpg,wine,branding,59.625,17.8905185,37.13513514,28.84938105,pexels
556_wine.jpg,wine,branding,69.18867925,22.41570243,56.37735849,27.50330499,pexels
557_wine.jpg,wine,branding,61.04166667,14.82207275,38.08108108,28.3091842,pexels
558_wine.jpg,wine,closeup,49.37735849,22.62420965,38.86792453,28.37864699,unsplash
559_wine.jpg,wine,closeup,50.6,26.77272768,31.30769231,28.50406605,pexels
560_wine.jpg,wine,closeup,54.09090909,19.93061558,37.02564103,28.59838713,unsplash
561_wine.jpg,wine,closeup,55.21428571,19.08141842,37.14634146,27.80338197,pixabay
562_wine.jpg,wine,closeup,55.45283019,16.6381929,41.03773585,26.07678179,unsplash
563_wine.jpg,wine,closeup,67.65625,21.227811,51.36842105,28.5339258,unsplash
564_wine.jpg,wine,closeup,56.33962264,19.85519056,47.75471698,25.61467853,pexels
565_wine.jpg,wine,closeup,59.17857143,22.25284596,43.07894737,31.14081495,pexels
566_wine.jpg,wine,closeup,51.60377358,19.96375526,42.88679245,24.17377821,pexels
567_wine.jpg,wine,closeup,52,20.68429356,34.8,28.50209169,pexels
568_wine.jpg,wine,closeup,60.60377358,17.79513722,51.77358491,23.69651184,pexels
569_wine.jpg,wine,closeup,65.93548387,16.28073603,49.5,28.87882419,pexels
570_wine.jpg,wine,closeup,57.73584906,18.44341757,50.58490566,22.30335777,burst
571_wine.jpg,wine,food_setting,64.75471698,23.09754038,52.98113208,26.90402498,unsplash
572_wine.jpg,wine,food_setting,69.72222222,16.2702377,51.12820513,30.74186198,unsplash
573_wine.jpg,wine,food_setting,77.18867925,15.53415171,59.16981132,23.21698305,unsplash
574_wine.jpg,wine,food_setting,77.48571429,15.45652618,51.44736842,31.25544049,unsplash
575_wine.jpg,wine,food_setting,77.52830189,19.88099573,57,26.72293742,unsplash
576_wine.jpg,wine,food_setting,78.77142857,15.31643814,58.24390244,28.35470022,unsplash
577_wine.jpg,wine,food_setting,76.50943396,18.27842638,63.64150943,23.23466768,unsplash
578_wine.jpg,wine,food_setting,71.2972973,15.64868625,51.9,26.76181742,unsplash
579_wine.jpg,wine,food_setting,62.1509434,18.91722478,45.67924528,26.02866289,unsplash
580_wine.jpg,wine,food_setting,77.70731707,15.6592527,57.73809524,29.18658189,unsplash
581_wine.jpg,wine,food_setting,67.13207547,21.05125406,54.50943396,27.60269123,pexels
582_wine.jpg,wine,food_setting,68.81578947,22.36413062,42.17073171,26.97119059,pexels
583_wine.jpg,wine,food_setting,72.60377358,18.62105882,52.73584906,25.82422159,pexels
584_wine.jpg,wine,food_setting,74.57142857,14.16478433,59.3902439,27.861154,unsplash
585_wine.jpg,wine,food_setting,73.57575758,15.62055998,51.8974359,31.39040657,unsplash
586_wine.jpg,wine,food_setting,51.16981132,23.2649752,39.52830189,25.86176549,pexels
587_wine.jpg,wine,food_setting,74.46153846,20.82180375,55.78846154,27.41070103,burst
588_wine.jpg,wine,holiday_food,76.28301887,16.4648546,61.73584906,24.17257739,unsplash
589_wine.jpg,wine,holiday_food,81.71428571,17.12548481,62.92682927,23.43543284,pexels
590_wine.jpg,wine,holiday_setting,79.31818182,19.02601979,62.26190476,27.14734818,unsplash
591_wine.jpg,wine,holiday_setting,68.9245283,22.45923577,55.11320755,24.56127375,unsplash
592_wine.jpg,wine,holiday_setting,72.5483871,13.94235444,51.975,31.88640696,unsplash
593_wine.jpg,wine,holiday_setting,62.66037736,18.70103185,51.73584906,23.4972592,unsplash
594_wine.jpg,wine,holiday_setting,74.675,20.31342552,55.37209302,30.7168507,unsplash
595_wine.jpg,wine,holiday_setting,76.9245283,20.89520469,60.24528302,27.4890927,unsplash
596_wine.jpg,wine,holiday_setting,70.96969697,14.74467033,44.13513514,27.98329081,pexels
597_wine.jpg,wine,holiday_setting,61.98113208,22.25938917,47.47169811,26.83324844,pexels
598_wine.jpg,wine,holiday_setting,79.58536585,19.35326279,62.61904762,27.56894009,pexels
599_wine.jpg,wine,holiday_setting,77.88679245,18.57796501,63.09433962,24.33283959,pexels
600_wine.jpg,wine,holiday_setting,72.63157895,17.12343274,50.6969697,27.62074045,pexels
601_wine.jpg,wine,holiday_setting,68.94339623,21.88467596,51.67924528,26.54732609,pexels
602_wine.jpg,wine,holiday_setting,78.95348837,14.17232966,58.41860465,25.50278468,pexels
603_wine.jpg,wine,holiday_setting,75.52830189,17.95250548,59.09433962,25.15587112,pexels
604_wine.jpg,wine,holiday_setting,80.21428571,12.87753899,60.48717949,26.69700535,pexels
605_wine.jpg,wine,holiday_setting,24.20754717,25.3266039,22.75471698,24.46968742,pexels
606_wine.jpg,wine,holiday_setting,70.88571429,18.97486174,42.71052632,30.92441342,pexels
607_wine.jpg,wine,holiday_setting,80.88679245,16.80963595,55.01886792,27.98797171,pexels
608_wine.jpg,wine,holiday_setting,75.93023256,18.22791599,58.44186047,24.80812302,pexels
609_wine.jpg,wine,holiday_setting,70.37735849,20.09135522,55.8490566,25.32207628,pexels
610_wine.jpg,wine,opening_drink,64.76470588,19.41267756,48.38888889,30.0640058,unsplash
611_wine.jpg,wine,opening_drink,68.20754717,20.92234588,58.26415094,25.45293616,unsplash
612_wine.jpg,wine,opening_drink,74.025,16.87888607,55.82926829,27.60244775,unsplash
613_wine.jpg,wine,opening_drink,77.73584906,19.54398485,51.64150943,28.4436652,pexels
614_wine.jpg,wine,opening_drink,62.60606061,24.74234654,43.76744186,29.14727563,pexels
615_wine.jpg,wine,opening_drink,72.24528302,17.83568771,60.9245283,25.68061904,pexels
616_wine.jpg,wine,opening_drink,74.55263158,12.77602774,56.05263158,28.14244401,pexels
617_wine.jpg,wine,opening_drink,60.88679245,16.49785578,41.9245283,27.03619302,pexels
618_wine.jpg,wine,opening_drink,59.48,15.77212731,41.18918919,29.82340416,pexels
619_wine.jpg,wine,opening_drink,72.56603774,20.31341867,48.45283019,26.84683482,pexels
620_wine.jpg,wine,opening_drink,80,20.74509519,58.53846154,27.82449333,pexels
621_wine.jpg,wine,opening_drink,61.16981132,20.07077463,52.32075472,24.4522876,pexels
622_wine.jpg,wine,opening_drink,61.13888889,25.28031733,43.2,28.75377344,pexels
623_wine.jpg,wine,opening_drink,58.73584906,21.28393304,47.0754717,29.040985,pexels
624_wine.jpg,wine,opening_drink,74.69444444,14.3821704,51.4,30.85682404,pexels
625_wine.jpg,wine,people_drinking,65.9245283,16.39869725,52.20754717,29.42223027,unsplash
626_wine.jpg,wine,people_drinking,69.27027027,17.8164229,44.525,29.76487992,unsplash
627_wine.jpg,wine,people_drinking,64.55555556,21.41562352,53.03703704,26.05868773,unsplash
628_wine.jpg,wine,people_drinking,53.52777778,23.21266417,33.24390244,27.03218497,unsplash
629_wine.jpg,wine,people_drinking,48.88679245,25.80448707,39.86792453,24.80852656,pexels
630_wine.jpg,wine,people_drinking,37.75,22.41960947,19.34210526,25.34227993,pexels
631_wine.jpg,wine,people_drinking,53,19.25237248,39.66037736,26.21284432,pexels
632_wine.jpg,wine,people_drinking,17.64285714,18.12264643,14.04761905,20.40917104,pexels
633_wine.jpg,wine,people_drinking,54.88679245,21.7473786,45.54716981,26.28582979,pexels
634_wine.jpg,wine,people_drinking,56.03571429,24.27082099,35.26315789,28.03731511,pexels
635_wine.jpg,wine,people_drinking,42.01886792,24.65959835,34.33962264,25.55306951,pexels
636_wine.jpg,wine,people_drinking,62.1875,15.53443106,39.05405405,29.55216287,pexels
637_wine.jpg,wine,people_drinking,53.41509434,20.14508335,41.58490566,26.62231132,pexels
638_wine.jpg,wine,people_drinking,51.03333333,21.70568547,32.275,27.29232775,pexels
639_wine.jpg,wine,people_drinking,62.49056604,17.09995799,50.71698113,27.32734426,pexels
640_wine.jpg,wine,people_drinking,47.04761905,25.69326796,37.09302326,31.89851016,pexels
641_wine.jpg,wine,pouring,59.66037736,18.73801504,50.58490566,25.0617959,unsplash
642_wine.jpg,wine,pouring,53.93103448,21.34735018,41.10526316,30.51697753,unsplash
643_wine.jpg,wine,pouring,49.42307692,21.43603906,35.53846154,26.64174929,unsplash
644_wine.jpg,wine,pouring,68.32432432,17.78272266,53.23809524,29.8073567,unsplash
645_wine.jpg,wine,pouring,40.18867925,22.83136894,27.1509434,24.98106685,unsplash
646_wine.jpg,wine,pouring,70.83333333,12.52881736,56.51351351,25.40737166,unsplash
647_wine.jpg,wine,pouring,56.33962264,18.10327573,48.32075472,26.40933226,unsplash
648_wine.jpg,wine,pouring,61.79310345,17.03856825,46.54054054,28.37016684,unsplash
649_wine.jpg,wine,pouring,59.77358491,20.01215161,48.37735849,23.84987213,unsplash
650_wine.jpg,wine,pouring,67.02941176,18.23331166,49.87804878,30.90727675,unsplash
651_wine.jpg,wine,pouring,66.90566038,17.16129831,56.71698113,24.91939109,unsplash
652_wine.jpg,wine,pouring,59.33333333,13.96135882,44.1,29.33694616,unsplash
653_wine.jpg,wine,pouring,65.96226415,21.26116201,57.05660377,27.45444835,unsplash
654_wine.jpg,wine,pouring,69.72727273,13.67084655,51.94871795,30.03765069,unsplash
655_wine.jpg,wine,pouring,51.96226415,24.19946142,46.81132075,25.45437593,unsplash
656_wine.jpg,wine,pouring,69.63888889,17.46368113,53,26.38812864,unsplash
657_wine.jpg,wine,pouring,67.28301887,14.02384968,53.47169811,25.6714476,unsplash
658_wine.jpg,wine,pouring,66.55882353,15.52161968,49.71794872,29.86015539,unsplash
659_wine.jpg,wine,pouring,59.03773585,20.06524192,49.20754717,26.49263939,unsplash
660_wine.jpg,wine,pouring,70.15789474,19.70666826,53.75675676,30.31996537,unsplash
661_wine.jpg,wine,pouring,65.94339623,18.78974259,55.52830189,24.31017813,pexels
662_wine.jpg,wine,pouring,38.30555556,25.53856405,29.78571429,27.89137091,pexels
663_wine.jpg,wine,pouring,60.60377358,16.37815104,49.05660377,23.49256437,pexels
664_wine.jpg,wine,pouring,69.28947368,16.03022128,52.28947368,27.55918241,pexels
665_wine.jpg,wine,pouring,74.94339623,19.17070591,59.52830189,23.97482957,pexels
666_wine.jpg,wine,pouring,62.8125,18.81220863,41.05405405,29.71059103,pexels
667_wine.jpg,wine,smoking_context,33.98113208,24.31404356,35.88679245,30.02605303,pexels
668_wine.jpg,wine,smoking_context,49.44736842,27.49515669,38.925,29.57943456,pexels
669_wine.jpg,wine,smoking_context,58.22641509,21.78358725,42.05660377,26.16178591,pexels
670_wine.jpg,wine,smoking_context,44.28947368,24.60927961,39.90243902,29.88963439,pexels
671_wine.jpg,wine,smoking_context,44.20754717,26.70231803,33.26415094,27.22566023,pexels
672_wine.jpg,wine,smoking_context,17.31428571,21.25167319,15.79069767,23.67996756,pexels
673_wine.jpg,wine,smoking_context,28.45283019,25.1744422,27.50943396,27.3675992,pexels
674_wine.jpg,wine,smoking_context,72.66666667,14.50123147,37.925,29.7281594,pexels
675_wine.jpg,wine,smoking_context,40.50943396,26.52112557,36.73584906,27.08828227,pexels
676_wine.jpg,wine,smoking_context,53.08108108,25.21725421,42.6744186,30.7336646,pexels
677_wine.jpg,wine,social_food,75.075,13.73072075,54.43589744,31.7090348,unsplash
678_wine.jpg,wine,social_food,77.77358491,18.57691031,59.18867925,27.23689283,unsplash
679_wine.jpg,wine,social_food,71.39473684,19.89368971,47.82926829,30.3347181,unsplash
680_wine.jpg,wine,social_food,75.46153846,13.94886555,54.475,26.37499544,unsplash
681_wine.jpg,wine,social_food,73.50943396,17.35558283,50.09433962,29.8781269,unsplash
682_wine.jpg,wine,social_food,78.71428571,14.94426346,62.1,25.83458227,unsplash
683_wine.jpg,wine,social_food,75.47169811,15.27517314,62.49056604,22.13561579,pexels
684_wine.jpg,wine,social_food,73.75609756,11.00177369,54.84615385,26.01875686,pexels
685_wine.jpg,wine,social_setting,74.67567568,12.35820477,52.14634146,27.34461645,unsplash
686_wine.jpg,wine,social_setting,78.79245283,17.42716545,47.32075472,28.58036818,unsplash
687_wine.jpg,wine,social_setting,75.5,21.08432547,58.19047619,30.56718956,unsplash
688_wine.jpg,wine,social_setting,73.90566038,19.17456664,62.45283019,21.82937861,unsplash
689_wine.jpg,wine,social_setting,68.94871795,22.81844674,46.45,31.79336328,unsplash
690_wine.jpg,wine,social_setting,73.71698113,17.82001614,56.75471698,25.54777249,unsplash
691_wine.jpg,wine,social_setting,49.96969697,27.56978061,35.975,30.83079338,unsplash
692_wine.jpg,wine,social_setting,54.54716981,26.05140336,45.05660377,27.32596335,unsplash
693_wine.jpg,wine,social_setting,81.20930233,13.51464486,64.45238095,26.88838935,pexels
694_wine.jpg,wine,social_setting,61.45283019,20.12801916,55.20754717,26.11097507,pexels
695_wine.jpg,wine,social_setting,68.22222222,19.97585845,47.8974359,29.40085469,unsplash
696_wine.jpg,wine,social_setting,62.20754717,18.69528786,47.05660377,27.65335916,unsplash
697_wine.jpg,wine,social_setting,69.57894737,14.84811678,51.7,29.44808557,freepik
698_wine.jpg,wine,social_setting,78.96226415,16.39883001,58.77358491,28.32004014,unsplash
699_wine.jpg,wine,social_setting,60.52777778,24.33866543,44.76923077,31.62482497,pexels
700_wine.jpg,wine,social_setting,76.18867925,16.87631089,64.79245283,22.64810952,unsplash
701_wine.jpg,wine,social_setting,75.97619048,17.70694792,59.73809524,28.51705482,unsplash
702_wine.jpg,wine,social_setting,60.1509434,23.35215047,49.77358491,25.70516374,pixabay
703_wine.jpg,wine,social_setting,68.83333333,18.48628835,49.46153846,28.68508337,unsplash
704_wine.jpg,wine,social_setting,78.35849057,13.92989914,61.50943396,23.14055933,pixabay
705_wine.jpg,wine,social_setting,42.64516129,23.27595095,27,29.68966471,unsplash
706_wine.jpg,wine,social_setting,70.77358491,15.08137097,52.50943396,25.01585854,unsplash
707_wine.jpg,wine,social_setting,76.125,19.46619358,57.62790698,27.23445232,unsplash
708_wine.jpg,wine,social_setting,68.66037736,18.44841394,57.49056604,28.19003004,unsplash
709_wine.jpg,wine,social_setting,72.10526316,18.20126143,59.57142857,27.20396569,unsplash
710_wine.jpg,wine,social_setting,77.24528302,17.06199743,57.67924528,24.52218272,unsplash
711_wine.jpg,wine,social_setting,75.3255814,18.42839544,58.15,27.1846016,unsplash
712_wine.jpg,wine,social_setting,76.83018868,16.1765926,60.62264151,22.54587325,unsplash
713_wine.jpg,wine,social_setting,72.6,22.93446628,58.2195122,25.96296612,unsplash
714_wine.jpg,wine,social_setting,66.75471698,19.81637402,49.45283019,26.02185918,unsplash
715_wine.jpg,wine,social_setting,67.15384615,29.66349738,56.07317073,29.3064756,unsplash
716_wine.jpg,wine,social_setting,72.1509434,20.84502913,58.77358491,24.16501087,unsplash
717_wine.jpg,wine,social_setting,73.07894737,16.74834656,52.41025641,30.44210895,pexels
718_wine.jpg,wine,social_setting,71.1509434,18.47284517,58.69811321,26.80885682,pexels
719_wine.jpg,wine,social_setting,70,17.57758313,47.05405405,31.20269392,pexels
720_wine.jpg,wine,social_setting,65.66037736,23.36248093,51.41509434,24.86612924,pexels
721_wine.jpg,wine,social_setting,69.33333333,20.95028128,51.5,31.48551791,pexels
722_wine.jpg,wine,social_setting,62.49056604,26.65781935,47.75471698,28.35279505,pexels
723_wine.jpg,wine,social_setting,78.35,15.11926942,62.66666667,24.15774185,pexels
724_wine.jpg,wine,social_setting,54.09433962,22.42617303,44.49056604,28.18661892,pexels
725_wine.jpg,wine,social_setting,75.76315789,18.2689135,50.26190476,30.0990718,pexels
726_wine.jpg,wine,social_setting,71.66037736,19.2543136,60.18867925,23.42751226,pexels
727_wine.jpg,wine,social_setting,71.06976744,18.1899964,52.2,27.11249121,pixabay
728_wine.jpg,wine,social_setting,63.62264151,20.18779755,45.83018868,24.61842325,unsplash
729_wine.jpg,wine,social_setting,68.73529412,22.63854158,47.64102564,29.60395349,pixabay